article,image,caption,author,license,license_url,source_page,original_file
2024-01-17-us-battery-storage-doubling-solar-growth-2024,assets/articles/desert-sunlight-battery-energy-storage-system-52945816430-1600.webp,"The Desert Sunlight battery energy storage system in Riverside County, California",Bureau of Land Management California,Public domain,,https://commons.wikimedia.org/wiki/File:Desert_Sunlight_Battery_Energy_Storage_System_(52945816430).jpg,https://upload.wikimedia.org/wikipedia/commons/6/6b/Desert_Sunlight_Battery_Energy_Storage_System_%2852945816430%29.jpg?utm_source=commons.wikimedia.org&utm_campaign=imageinfo&utm_content=original
2024-02-05-china-2023-solar-record-grid-question,assets/articles/chinese-solar-farm-golmud-china-by-planet-labs-1600.webp,"Satellite view of solar farms at Golmud, Qinghai, China",Planet Labs,CC BY-SA 4.0,https://creativecommons.org/licenses/by-sa/4.0,"https://commons.wikimedia.org/wiki/File:Chinese_Solar_Farm,_Golmud,_China_by_Planet_Labs.jpg",https://upload.wikimedia.org/wikipedia/commons/6/6a/Chinese_Solar_Farm%2C_Golmud%2C_China_by_Planet_Labs.jpg?utm_source=commons.wikimedia.org&utm_campaign=imageinfo&utm_content=original
2024-02-07-henry-hub-cheap-gas-january-cold-record,assets/articles/sugarcamp-mountain-12-27749702396-1600.webp,"A gas pipeline corridor on Sugarcamp Mountain, Loyalsock State Forest, Pennsylvania",Nicholas A. Tonelli,CC BY 2.0,https://creativecommons.org/licenses/by/2.0,https://commons.wikimedia.org/wiki/File:Sugarcamp_Mountain_(12)_(27749702396).jpg,https://upload.wikimedia.org/wikipedia/commons/4/4e/Sugarcamp_Mountain_%2812%29_%2827749702396%29.jpg?utm_source=commons.wikimedia.org&utm_campaign=imageinfo&utm_content=original
2024-03-11-india-pm-surya-ghar-rooftop-solar,assets/articles/rooftop-solar-panels-on-homes-in-mehsana-gujarat-india-69514-1600.webp,"Rooftop solar panels on homes in Mehsana, Gujarat, India",Nizil Shah,CC BY-SA 4.0,https://creativecommons.org/licenses/by-sa/4.0,"https://commons.wikimedia.org/wiki/File:Rooftop_Solar_panels_on_homes_in_Mehsana,_Gujarat,_India_(69514).jpg",https://upload.wikimedia.org/wikipedia/commons/e/e1/Rooftop_Solar_panels_on_homes_in_Mehsana%2C_Gujarat%2C_India_%2869514%29.jpg?utm_source=commons.wikimedia.org&utm_campaign=imageinfo&utm_content=original
2024-03-11-iran-pakistan-pipeline-80km-gambit,assets/articles/gwadar-city-the-doors-of-air-1600.webp,"Aerial view of Gwadar, Balochistan",Shayhaq Baloch,CC BY-SA 4.0,https://creativecommons.org/licenses/by-sa/4.0,"https://commons.wikimedia.org/wiki/File:Gwadar_city,_the_doors_of_Air.jpg",https://upload.wikimedia.org/wikipedia/commons/f/f7/Gwadar_city%2C_the_doors_of_Air.jpg?utm_source=commons.wikimedia.org&utm_campaign=imageinfo&utm_content=original
2024-03-19-us-crude-record-fewer-rigs-consolidation,assets/articles/capstar-rig-number-31-1600.webp,A drilling rig in the Permian Basin,Allan D. Hasty,CC BY-SA 3.0,https://creativecommons.org/licenses/by-sa/3.0,https://commons.wikimedia.org/wiki/File:Capstar_Rig_Number_31.jpg,https://upload.wikimedia.org/wikipedia/commons/5/54/Capstar_Rig_Number_31.jpg?utm_source=commons.wikimedia.org&utm_campaign=imageinfo&utm_content=original
2024-04-03-baltimore-key-bridge-coal-export-exposure,assets/articles/francis-scott-key-bridge-and-cargo-ship-dali-ntsb-view-1600.webp,"The collapsed Francis Scott Key Bridge and the cargo ship Dali, Baltimore",NTSB,Public domain,,https://commons.wikimedia.org/wiki/File:Francis_Scott_Key_Bridge_and_Cargo_Ship_Dali_NTSB_view.jpg,https://upload.wikimedia.org/wikipedia/commons/5/54/Francis_Scott_Key_Bridge_and_Cargo_Ship_Dali_NTSB_view.jpg?utm_source=commons.wikimedia.org&utm_campaign=imageinfo&utm_content=original
2024-04-15-nigeria-band-a-tariff-reset,assets/articles/mile-12-lagos-11-1600.webp,"Power lines over Mile 12 in Lagos, Nigeria",Johnbrainyvisuals,CC BY-SA 4.0,https://creativecommons.org/licenses/by-sa/4.0,https://commons.wikimedia.org/wiki/File:Mile_12_Lagos_(11).jpg,https://upload.wikimedia.org/wikipedia/commons/c/c7/Mile_12_Lagos_%2811%29.jpg?utm_source=commons.wikimedia.org&utm_campaign=imageinfo&utm_content=original
2024-04-23-ercot-eclipse-solar-gas-backstop,assets/articles/webberville-solar-farm-near-austin-texas-from-the-air-1600.webp,"Aerial view of the Webberville solar farm near Austin, Texas",The tdog,CC0,http://creativecommons.org/publicdomain/zero/1.0/deed.en,https://commons.wikimedia.org/wiki/File:Webberville_Solar_Farm_Near_Austin_Texas_from_the_Air.JPG,https://upload.wikimedia.org/wikipedia/commons/6/68/Webberville_Solar_Farm_Near_Austin_Texas_from_the_Air.JPG?utm_source=commons.wikimedia.org&utm_campaign=imageinfo&utm_content=original
2024-05-06-vogtle-unit-4-completion-nuclear-cost-lessons,assets/articles/construction-at-vogtle-nuclear-plant-1600.webp,Aerial view of the Vogtle nuclear plant in Georgia during construction of Units 3 and 4,Charles C Watson Jr,CC BY-SA 3.0,https://creativecommons.org/licenses/by-sa/3.0,https://commons.wikimedia.org/wiki/File:Construction_at_Vogtle_Nuclear_Plant.jpg,https://upload.wikimedia.org/wikipedia/commons/3/3c/Construction_at_Vogtle_Nuclear_Plant.jpg?utm_source=commons.wikimedia.org&utm_campaign=imageinfo&utm_content=original
2024-05-13-us-weather-risk-wind-hydro-2023-decline,assets/articles/low-water-levels-at-the-hoover-dam-9299-1600.webp,Low water at Lake Mead behind Hoover Dam,Mark Kent,CC BY-SA 2.0,https://creativecommons.org/licenses/by-sa/2.0,https://commons.wikimedia.org/wiki/File:Low_water_levels_at_the_Hoover_Dam_(9299).jpg,https://upload.wikimedia.org/wikipedia/commons/9/91/Low_water_levels_at_the_Hoover_Dam_%289299%29.jpg?utm_source=commons.wikimedia.org&utm_campaign=imageinfo&utm_content=original
2024-05-31-china-march-emissions-fall-peak-test,assets/articles/houshi-power-plant-coal-yard-domes-7-sets-1600.webp,"Coal yard domes at the Houshi power plant, Fujian, China",XUZHOUlf,CC BY-SA 4.0,https://creativecommons.org/licenses/by-sa/4.0,https://commons.wikimedia.org/wiki/File:HOUSHI_POWER_PLANT_COAL_YARD_DOMES_(7_sets).jpg,https://upload.wikimedia.org/wikipedia/commons/d/d5/HOUSHI_POWER_PLANT_COAL_YARD_DOMES_%287_sets%29.jpg?utm_source=commons.wikimedia.org&utm_campaign=imageinfo&utm_content=original
2024-06-10-india-250-gw-peak-thermal-backbone,assets/articles/ntpc-ramagundam-1600.webp,"The NTPC Ramagundam thermal power station, Telangana, India",Getsuhas08,CC BY-SA 3.0,https://creativecommons.org/licenses/by-sa/3.0,https://commons.wikimedia.org/wiki/File:NTPC_Ramagundam.jpg,https://upload.wikimedia.org/wikipedia/commons/4/44/NTPC_Ramagundam.jpg?utm_source=commons.wikimedia.org&utm_campaign=imageinfo&utm_content=original
2024-06-24-eu-electricity-market-design-reform,assets/articles/european-parliament-hemicycle-brussels-2024-1600.webp,The European Parliament hemicycle in Brussels,Profpcde,CC0,http://creativecommons.org/publicdomain/zero/1.0/deed.en,https://commons.wikimedia.org/wiki/File:European_Parliament_Hemicycle_-_Brussels_2024.jpg,https://upload.wikimedia.org/wikipedia/commons/8/8d/European_Parliament_Hemicycle_-_Brussels_2024.jpg?utm_source=commons.wikimedia.org&utm_campaign=imageinfo&utm_content=original
2024-06-24-india-offshore-wind-vgf-first-gigawatt,assets/articles/streaks-of-sediment-in-the-gulf-of-khambhat-modis-2022-01-11-1600.webp,"The Gulf of Khambhat off Gujarat, India, seen by the MODIS instrument",NASA MODIS Land Rapid Response Team,Public domain,,https://commons.wikimedia.org/wiki/File:Streaks_of_Sediment_in_the_Gulf_of_Khambhat_(MODIS_2022-01-11).jpg,https://upload.wikimedia.org/wikipedia/commons/f/f9/Streaks_of_Sediment_in_the_Gulf_of_Khambhat_%28MODIS_2022-01-11%29.jpg?utm_source=commons.wikimedia.org&utm_campaign=imageinfo&utm_content=original
2024-06-27-miso-spp-wind-curtailment-transmission,assets/articles/wind-turbines-oklahoma-august-13-2009-1600.webp,Wind turbines on farmland in Oklahoma,U.S. Department of Agriculture,CC BY 2.0,https://creativecommons.org/licenses/by/2.0,"https://commons.wikimedia.org/wiki/File:Wind_turbines,_Oklahoma,_August_13,_2009.jpg",https://upload.wikimedia.org/wikipedia/commons/e/e5/Wind_turbines%2C_Oklahoma%2C_August_13%2C_2009.jpg?utm_source=commons.wikimedia.org&utm_campaign=imageinfo&utm_content=original
2024-07-08-south-africa-100-days-without-load-shedding,assets/articles/kusilekragsentrale-mpumalanga-2019-a-1600.webp,"Kusile power station in Mpumalanga, South Africa",JMK,CC BY-SA 4.0,https://creativecommons.org/licenses/by-sa/4.0,"https://commons.wikimedia.org/wiki/File:Kusilekragsentrale,_Mpumalanga,_2019,_a.jpg",https://upload.wikimedia.org/wikipedia/commons/f/f5/Kusilekragsentrale%2C_Mpumalanga%2C_2019%2C_a.jpg?utm_source=commons.wikimedia.org&utm_campaign=imageinfo&utm_content=original
2024-07-15-advance-act-nuclear-licensing-reform,assets/articles/u-s-nuclear-regulatory-commission-1600.webp,"US Nuclear Regulatory Commission offices in North Bethesda, Maryland",Tony Webster,CC BY-SA 2.0,https://creativecommons.org/licenses/by-sa/2.0,https://commons.wikimedia.org/wiki/File:U.S._Nuclear_Regulatory_Commission.jpg,https://upload.wikimedia.org/wikipedia/commons/6/66/U.S._Nuclear_Regulatory_Commission.jpg?utm_source=commons.wikimedia.org&utm_campaign=imageinfo&utm_content=original
2024-07-15-global-coal-trade-asia-pacific,assets/articles/coal-exports-at-the-port-of-gladstone-queensland-qut-7366-1600.webp,"Coal export terminal at the Port of Gladstone, Queensland, Australia",Jack Bain,CC BY 4.0,https://creativecommons.org/licenses/by/4.0,"https://commons.wikimedia.org/wiki/File:Coal_exports_at_the_Port_of_Gladstone,_Queensland_QUT-7366.jpg",https://upload.wikimedia.org/wikipedia/commons/2/20/Coal_exports_at_the_Port_of_Gladstone%2C_Queensland_QUT-7366.jpg?utm_source=commons.wikimedia.org&utm_campaign=imageinfo&utm_content=original
2024-07-22-vietnam-dppa-decree-80,assets/articles/dau-tieng-project-birdsight-1600.webp,"The Dau Tieng solar power project, Tay Ninh, Vietnam",TammyLe,CC BY-SA 4.0,https://creativecommons.org/licenses/by-sa/4.0,https://commons.wikimedia.org/wiki/File:DAU_TIENG_PROJECT_BIRDSIGHT.jpg,https://upload.wikimedia.org/wikipedia/commons/0/04/DAU_TIENG_PROJECT_BIRDSIGHT.jpg?utm_source=commons.wikimedia.org&utm_campaign=imageinfo&utm_content=original
2024-07-25-tariff-rebasing-imf-conditionality,assets/articles/digital-electric-meter-erorr-1600.webp,A digital electricity meter in Pakistan,KingWriter1245,CC BY-SA 4.0,https://creativecommons.org/licenses/by-sa/4.0,https://commons.wikimedia.org/wiki/File:Digital_Electric_meter_Erorr.jpg,https://upload.wikimedia.org/wikipedia/commons/c/c5/Digital_Electric_meter_Erorr.jpg?utm_source=commons.wikimedia.org&utm_campaign=imageinfo&utm_content=original
2024-08-01-henry-hub-record-low-storage-surplus-summer-burn,assets/articles/thomas-c-ferguson-power-plant-texas-2024-a-1600.webp,"The gas-fired Thomas C. Ferguson power plant in Llano County, Texas",Larry D. Moore,CC BY 4.0,https://creativecommons.org/licenses/by/4.0,https://commons.wikimedia.org/wiki/File:Thomas_C_Ferguson_Power_Plant_Texas_2024_A.jpg,https://upload.wikimedia.org/wikipedia/commons/4/46/Thomas_C_Ferguson_Power_Plant_Texas_2024_A.jpg?utm_source=commons.wikimedia.org&utm_campaign=imageinfo&utm_content=original
2024-08-05-coal-to-gas-replacements-and-retirement-economics,assets/articles/pleasants-power-station-belmont-wv-1600.webp,"The Pleasants coal-fired power station in Belmont, West Virginia",w_lemay,CC BY-SA 2.0,https://creativecommons.org/licenses/by-sa/2.0,"https://commons.wikimedia.org/wiki/File:Pleasants_Power_Station,_Belmont,_WV.jpg",https://upload.wikimedia.org/wikipedia/commons/2/2d/Pleasants_Power_Station%2C_Belmont%2C_WV.jpg?utm_source=commons.wikimedia.org&utm_campaign=imageinfo&utm_content=original
2024-08-19-middle-east-supply-hormuz-security,assets/articles/strait-of-hormuz-modis-2020-12-04-1600.webp,The Strait of Hormuz from the MODIS satellite instrument,NASA MODIS Land Rapid Response Team,Public domain,,https://commons.wikimedia.org/wiki/File:Strait_of_Hormuz_(MODIS_2020-12-04).jpg,https://upload.wikimedia.org/wikipedia/commons/f/f5/Strait_of_Hormuz_%28MODIS_2020-12-04%29.jpg?utm_source=commons.wikimedia.org&utm_campaign=imageinfo&utm_content=original
2024-08-21-us-capacity-additions-h1-2024-wind-beats-coal,assets/articles/hatfield-s-ferry-power-plant-hd-6d-196-10822424056-1600.webp,"The coal pile at Hatfield's Ferry power plant, Pennsylvania, in January 1978",US Department of Energy,Public domain,,https://commons.wikimedia.org/wiki/File:Hatfield%27s_Ferry_Power_Plant_HD.6D.196_(10822424056).jpg,https://upload.wikimedia.org/wikipedia/commons/d/dc/Hatfield%27s_Ferry_Power_Plant_HD.6D.196_%2810822424056%29.jpg?utm_source=commons.wikimedia.org&utm_campaign=imageinfo&utm_content=original
2024-08-26-china-wind-solar-overtake-coal-capacity,assets/articles/wind-turbines-on-highway-g312-xinjiang-china-panoramio-2-1600.webp,"A wind farm beside Highway G312 in Xinjiang, China",Matthew Summerton,CC BY-SA 3.0,https://creativecommons.org/licenses/by-sa/3.0,"https://commons.wikimedia.org/wiki/File:Wind_Turbines_on_Highway_G312_Xinjiang,_China_-_panoramio_(2).jpg",https://upload.wikimedia.org/wikipedia/commons/4/47/Wind_Turbines_on_Highway_G312_Xinjiang%2C_China_-_panoramio_%282%29.jpg?utm_source=commons.wikimedia.org&utm_campaign=imageinfo&utm_content=original
2024-09-02-argentina-rigi-energy-investment,assets/articles/fms-vaca-muerta-mulichinco-puerta-curaco-1600.webp,"Vaca Muerta rock formations at Puerta Curaco, Neuquén, Argentina",Damián H. Zanette,CC BY-SA 4.0,https://creativecommons.org/licenses/by-sa/4.0,https://commons.wikimedia.org/wiki/File:Fms_Vaca_Muerta_Mulichinco_Puerta_Curaco.jpg,https://upload.wikimedia.org/wikipedia/commons/8/8d/Fms_Vaca_Muerta_Mulichinco_Puerta_Curaco.jpg?utm_source=commons.wikimedia.org&utm_campaign=imageinfo&utm_content=original
2024-09-09-opec-plus-delays-unwind-two-months,assets/articles/wien-opec-zentrale-portal-1600.webp,"The entrance to the OPEC headquarters in Vienna, Austria",C.Stadler/Bwag,CC BY-SA 4.0,https://creativecommons.org/licenses/by-sa/4.0,"https://commons.wikimedia.org/wiki/File:Wien_-_OPEC-Zentrale,_Portal.JPG",https://upload.wikimedia.org/wikipedia/commons/d/d7/Wien_-_OPEC-Zentrale%2C_Portal.JPG?utm_source=commons.wikimedia.org&utm_campaign=imageinfo&utm_content=original
2024-09-09-uk-ar6-offshore-wind-recovery,assets/articles/westermost-rough-wind-farm-from-barmston-beach-1600.webp,"The Westermost Rough offshore wind farm seen from Barmston beach, Yorkshire",The joy of all things,CC BY-SA 4.0,https://creativecommons.org/licenses/by-sa/4.0,https://commons.wikimedia.org/wiki/File:Westermost_Rough_wind_farm_from_Barmston_beach.jpg,https://upload.wikimedia.org/wikipedia/commons/e/e5/Westermost_Rough_wind_farm_from_Barmston_beach.jpg?utm_source=commons.wikimedia.org&utm_campaign=imageinfo&utm_content=original
2024-09-16-draghi-report-energy-prices,assets/articles/rue-de-la-loi-european-quarter-in-brussels-during-civil-twil-1600.webp,Rue de la Loi in the European Quarter of Brussels at twilight,Trougnouf,CC BY 4.0,https://creativecommons.org/licenses/by/4.0,"https://commons.wikimedia.org/wiki/File:Rue_de_la_Loi,_European_Quarter_in_Brussels_during_civil_twilight_(DSCF6957).jpg",https://upload.wikimedia.org/wikipedia/commons/7/7e/Rue_de_la_Loi%2C_European_Quarter_in_Brussels_during_civil_twilight_%28DSCF6957%29.jpg?utm_source=commons.wikimedia.org&utm_campaign=imageinfo&utm_content=original
2024-09-16-european-power-renewables-prices,assets/articles/solar-panels-on-housing-in-the-netherlands-9198-1600.webp,"Rooftop solar on housing in Amersfoort, the Netherlands",Eneco Group,CC BY 2.0,https://creativecommons.org/licenses/by/2.0,https://commons.wikimedia.org/wiki/File:Solar_panels_on_housing_in_the_Netherlands_(9198).jpg,https://upload.wikimedia.org/wikipedia/commons/2/29/Solar_panels_on_housing_in_the_Netherlands_%289198%29.jpg?utm_source=commons.wikimedia.org&utm_campaign=imageinfo&utm_content=original
2024-09-16-interconnection-queue-cluster-study-rollout,assets/articles/building-solar-673-1600.webp,"Workers installing solar panels at Edwards Air Force Base, California","Dawn Waldman, US Air Force",Public domain,,https://commons.wikimedia.org/wiki/File:Building_solar_(673).jpg,https://upload.wikimedia.org/wikipedia/commons/2/25/Building_solar_%28673%29.jpg?utm_source=commons.wikimedia.org&utm_campaign=imageinfo&utm_content=original
2024-09-18-utility-scale-solar-after-qasp,assets/articles/kazi-at-the-100mw-solar-power-plant-bahawalpur-1600.webp,"The 100 MW Quaid-e-Azam solar power plant at Bahawalpur, Punjab",Janejenkins,CC BY-SA 4.0,https://creativecommons.org/licenses/by-sa/4.0,https://commons.wikimedia.org/wiki/File:Kazi_at_the_100MW_Solar_Power_Plant_Bahawalpur.jpg,https://upload.wikimedia.org/wikipedia/commons/e/ed/Kazi_at_the_100MW_Solar_Power_Plant_Bahawalpur.jpg?utm_source=commons.wikimedia.org&utm_campaign=imageinfo&utm_content=original
2024-09-23-dangote-petrol-pricing-test,assets/articles/worlds-largest-crude-destillation-column-dangote-1600.webp,"The crude distillation column at the Dangote refinery, Lagos, during construction",FrankvEck,CC BY-SA 4.0,https://creativecommons.org/licenses/by-sa/4.0,https://commons.wikimedia.org/wiki/File:Worlds_largest_crude_destillation_column_Dangote.jpg,https://upload.wikimedia.org/wikipedia/commons/4/43/Worlds_largest_crude_destillation_column_Dangote.jpg?utm_source=commons.wikimedia.org&utm_campaign=imageinfo&utm_content=original
2024-09-30-imf-eff-energy-conditionality,assets/articles/old-building-of-state-bank-of-pakistan-now-its-known-as-stat-1600.webp,"The old State Bank of Pakistan building, Karachi",Asim Iftikhar Nagi,CC BY-SA 4.0,https://creativecommons.org/licenses/by-sa/4.0,"https://commons.wikimedia.org/wiki/File:Old_building_of_State_Bank_of_Pakistan,_Now_its_known_as_State_Bank_Museum.jpg",https://upload.wikimedia.org/wikipedia/commons/f/f5/Old_building_of_State_Bank_of_Pakistan%2C_Now_its_known_as_State_Bank_Museum.jpg?utm_source=commons.wikimedia.org&utm_campaign=imageinfo&utm_content=original
2024-09-30-us-hydrogen-cofiring-electrolyzers-refinery-demand,assets/articles/u-s-department-of-energy-science-298-025-001-9557118462-1600.webp,"Hydrogen production research at the National Renewable Energy Laboratory, Colorado",U.S. Department of Energy,Public domain,,https://commons.wikimedia.org/wiki/File:U.S._Department_of_Energy_-_Science_-_298_025_001_(9557118462).jpg,https://upload.wikimedia.org/wikipedia/commons/f/f4/U.S._Department_of_Energy_-_Science_-_298_025_001_%289557118462%29.jpg?utm_source=commons.wikimedia.org&utm_campaign=imageinfo&utm_content=original
2024-10-08-jhimpir-gharo-wind-curtailment,assets/articles/jhimpir-wind-farm-2012-1600.webp,"Turbines at the Jhimpir wind farm, Thatta District, Sindh",Muzaffar Bukhari,CC BY-SA 2.0,https://creativecommons.org/licenses/by-sa/2.0,https://commons.wikimedia.org/wiki/File:Jhimpir_Wind_Farm_2012.jpg,https://upload.wikimedia.org/wikipedia/commons/f/fb/Jhimpir_Wind_Farm_2012.jpg?utm_source=commons.wikimedia.org&utm_campaign=imageinfo&utm_content=original
2024-10-14-pjm-capacity-reliability-rising-load,assets/articles/limerickpowerplant-1600.webp,"Aerial view of the Limerick Generating Station, Pennsylvania",Arturo Ramos,CC BY-SA 2.5,https://creativecommons.org/licenses/by-sa/2.5,https://commons.wikimedia.org/wiki/File:LimerickPowerPlant.JPG,https://upload.wikimedia.org/wikipedia/commons/5/50/LimerickPowerPlant.JPG?utm_source=commons.wikimedia.org&utm_campaign=imageinfo&utm_content=original
2024-10-14-red-sea-oil-flows-eia-assessment,assets/articles/bab-el-mandeb-strait-africa-arabia-aster-1600.webp,"The Bab el-Mandeb strait between Africa and Arabia, seen by NASA's ASTER instrument",NASA/METI/AIST/Japan Space Systems and US/Japan ASTER Science Team,Public domain,,"https://commons.wikimedia.org/wiki/File:Bab-el-Mandeb_Strait,_Africa-Arabia_(ASTER).jpg",https://upload.wikimedia.org/wikipedia/commons/8/85/Bab-el-Mandeb_Strait%2C_Africa-Arabia_%28ASTER%29.jpg?utm_source=commons.wikimedia.org&utm_campaign=imageinfo&utm_content=original
2024-10-20-data-centres-nuclear-ppas-texas-large-loads,assets/articles/exelon-three-mile-island-nuclear-generating-station-cropped-1600.webp,"The cooling towers of Three Mile Island Unit 1, Pennsylvania",Constellation Energy,CC BY-SA 4.0,https://creativecommons.org/licenses/by-sa/4.0,https://commons.wikimedia.org/wiki/File:Exelon_Three_Mile_Island_Nuclear_Generating_Station_(cropped).jpg,https://upload.wikimedia.org/wikipedia/commons/7/77/Exelon_Three_Mile_Island_Nuclear_Generating_Station_%28cropped%29.jpg?utm_source=commons.wikimedia.org&utm_campaign=imageinfo&utm_content=original
2024-10-21-iea-weo-2024-age-of-electricity-supply-overhang,assets/articles/solar-panels-in-india-1600.webp,"Solar panels with grid lines behind, India","Manjunatha G, WELL Labs",CC BY-SA 4.0,https://creativecommons.org/licenses/by-sa/4.0,https://commons.wikimedia.org/wiki/File:Solar_panels_in_India.jpg,https://upload.wikimedia.org/wikipedia/commons/d/dd/Solar_panels_in_India.jpg?utm_source=commons.wikimedia.org&utm_campaign=imageinfo&utm_content=original
2024-11-11-lng-trade-atlantic-pacific-rebalancing,assets/articles/carat-atlantic-supplier-49142169048-1600.webp,"The LNG carrier GasLog Gibraltar arriving at Hoek van Holland, the Netherlands",kees torn,CC BY-SA 2.0,https://creativecommons.org/licenses/by-sa/2.0,https://commons.wikimedia.org/wiki/File:CARAT_%26_ATLANTIC_SUPPLIER_(49142169048).jpg,https://upload.wikimedia.org/wikipedia/commons/d/d4/CARAT_%26_ATLANTIC_SUPPLIER_%2849142169048%29.jpg?utm_source=commons.wikimedia.org&utm_campaign=imageinfo&utm_content=original
2024-11-18-china-energy-law-what-changes,assets/articles/great-hall-of-the-people-20200825114146-1600.webp,The Great Hall of the People in Beijing,N509FZ,CC BY-SA 4.0,https://creativecommons.org/licenses/by-sa/4.0,https://commons.wikimedia.org/wiki/File:Great_Hall_of_the_People_(20200825114146).jpg,https://upload.wikimedia.org/wikipedia/commons/5/59/Great_Hall_of_the_People_%2820200825114146%29.jpg?utm_source=commons.wikimedia.org&utm_campaign=imageinfo&utm_content=original
2024-11-18-nuclear-licence-renewals-and-fleet-value,assets/articles/diablo-canyon-power-plant-from-port-san-luis-1600.webp,"The Diablo Canyon power plant seen from Port San Luis, California",Mike Baird,CC BY 2.0,https://creativecommons.org/licenses/by/2.0,https://commons.wikimedia.org/wiki/File:Diablo_Canyon_Power_Plant_from_Port_San_Luis.jpg,https://upload.wikimedia.org/wikipedia/commons/4/42/Diablo_Canyon_Power_Plant_from_Port_San_Luis.jpg?utm_source=commons.wikimedia.org&utm_campaign=imageinfo&utm_content=original
2024-11-20-india-200-gw-renewables-500-gw-gap,assets/articles/rural-roads-network-with-wind-farm-access-gujarat-india-1600.webp,"A rural road through a wind farm in Gujarat, India",TeshTesh,CC BY-SA 4.0,https://creativecommons.org/licenses/by-sa/4.0,https://commons.wikimedia.org/wiki/File:Rural_roads_network_with_wind_farm_access_Gujarat_India.jpg,https://upload.wikimedia.org/wikipedia/commons/2/20/Rural_roads_network_with_wind_farm_access_Gujarat_India.jpg?utm_source=commons.wikimedia.org&utm_campaign=imageinfo&utm_content=original
2024-12-02-cop29-ncqg-climate-finance-energy-investment,assets/articles/a-view-of-the-baku-bay-azerbaijan-1600.webp,"Baku Bay, Azerbaijan",AlixSaz,CC BY-SA 4.0,https://creativecommons.org/licenses/by-sa/4.0,"https://commons.wikimedia.org/wiki/File:A_view_of_the_Baku_bay,_Azerbaijan.jpg",https://upload.wikimedia.org/wikipedia/commons/3/33/A_view_of_the_Baku_bay%2C_Azerbaijan.jpg?utm_source=commons.wikimedia.org&utm_campaign=imageinfo&utm_content=original
2024-12-04-ipp-ppa-renegotiation,assets/articles/fauji-power-company-ltd-coal-power-plant-under-construction-1600.webp,"The Fauji Power coal power plant under construction, Sindh, Pakistan",Jogi don,CC BY-SA 4.0,https://creativecommons.org/licenses/by-sa/4.0,https://commons.wikimedia.org/wiki/File:Fauji_Power_Company_Ltd_(Coal_Power_Plant-_under_construction).jpg,https://upload.wikimedia.org/wikipedia/commons/d/db/Fauji_Power_Company_Ltd_%28Coal_Power_Plant-_under_construction%29.jpg?utm_source=commons.wikimedia.org&utm_campaign=imageinfo&utm_content=original
2024-12-16-opec-plus-delays-unwind-to-april-2025,assets/articles/wien-opec-zentrale-a-1600.webp,"The OPEC headquarters in Vienna, Austria",C.Stadler/Bwag,CC BY-SA 4.0,https://creativecommons.org/licenses/by-sa/4.0,https://commons.wikimedia.org/wiki/File:Wien_-_OPEC-Zentrale_(a).JPG,https://upload.wikimedia.org/wikipedia/commons/a/a0/Wien_-_OPEC-Zentrale_%28a%29.JPG?utm_source=commons.wikimedia.org&utm_campaign=imageinfo&utm_content=original
2024-12-16-us-lng-exports-2024-year-end,assets/articles/golden-pass-lng-sabine-pass-1600.webp,"Golden Pass LNG at Sabine Pass, Texas",roy.luck,CC BY 2.0,https://creativecommons.org/licenses/by/2.0,"https://commons.wikimedia.org/wiki/File:Golden_Pass_LNG,_Sabine_Pass.jpg",https://upload.wikimedia.org/wikipedia/commons/6/6d/Golden_Pass_LNG%2C_Sabine_Pass.jpg?utm_source=commons.wikimedia.org&utm_campaign=imageinfo&utm_content=original
2024-12-18-california-abx2-1-wilmington-refinery-closure,assets/articles/union-oil-co-refinery-in-wilmington-with-world-s-largest-jac-1600.webp,"Aerial view of tanks at the Union Oil refinery in Wilmington, Los Angeles",Los Angeles Times,CC BY 4.0,https://creativecommons.org/licenses/by/4.0,https://commons.wikimedia.org/wiki/File:Union_Oil_Co._refinery_in_Wilmington_with_world%27s_largest_jack_o%27lantern.jpg,https://upload.wikimedia.org/wikipedia/commons/6/66/Union_Oil_Co._refinery_in_Wilmington_with_world%27s_largest_jack_o%27lantern.jpg?utm_source=commons.wikimedia.org&utm_campaign=imageinfo&utm_content=original
2024-12-23-dunkelflaute-price-spike-and-nordic-backlash,assets/articles/berlin-stadtrandsiedlung-malchow-lub-2020-12-31-img01-wind-t-1600.webp,"A wind turbine at Malchow on the edge of Berlin, Germany, on 31 December 2020",Lukas Beck,CC BY 4.0,https://creativecommons.org/licenses/by/4.0,https://commons.wikimedia.org/wiki/File:Berlin_Stadtrandsiedlung_Malchow_lub_2020-12-31_img01_Wind_turbine.jpg,https://upload.wikimedia.org/wikipedia/commons/6/66/Berlin_Stadtrandsiedlung_Malchow_lub_2020-12-31_img01_Wind_turbine.jpg?utm_source=commons.wikimedia.org&utm_campaign=imageinfo&utm_content=original
2025-01-13-45y-48e-final-rules-tech-neutral-credits,assets/articles/solar-farm-at-ksc-ksc-20210405-ph-nas01-0001-1600.webp,"The Discovery Solar Energy Center at Kennedy Space Center, Florida",NASA,Public domain,,https://commons.wikimedia.org/wiki/File:Solar_Farm_at_KSC_(KSC-20210405-PH-NAS01_0001).jpg,https://upload.wikimedia.org/wikipedia/commons/d/dc/Solar_Farm_at_KSC_%28KSC-20210405-PH-NAS01_0001%29.jpg?utm_source=commons.wikimedia.org&utm_campaign=imageinfo&utm_content=original
2025-02-03-china-lng-2024-pipeline-squeeze,assets/articles/power-of-siberia-pipeline-first-section-2014-1600.webp,"Joining the first section of the Power of Siberia gas pipeline, Russia",Presidential Executive Office of Russia,CC BY 4.0,https://creativecommons.org/licenses/by/4.0,https://commons.wikimedia.org/wiki/File:%D0%A6%D0%B5%D1%80%D0%B5%D0%BC%D0%BE%D0%BD%D0%B8%D1%8F_%D1%81%D0%BE%D0%B5%D0%B4%D0%B8%D0%BD%D0%B5%D0%BD%D0%B8%D1%8F_%D0%BF%D0%B5%D1%80%D0%B2%D0%BE%D0%B3%D0%BE_%D0%B7%D0%B2%D0%B5%D0%BD%D0%B0_%D0%B3%D0%B0%D0%B7%D0%BE%D0%BF%D1%80%D0%BE%D0%B2%D0%BE%D0%B4%D0%B0_%C2%AB%D0%A1%D0%B8%D0%BB%D0%B0_%D0%A1%D0%B8%D0%B1%D0%B8%D1%80%D0%B8%C2%BB_(2014).jpg,https://upload.wikimedia.org/wikipedia/commons/3/35/%D0%A6%D0%B5%D1%80%D0%B5%D0%BC%D0%BE%D0%BD%D0%B8%D1%8F_%D1%81%D0%BE%D0%B5%D0%B4%D0%B8%D0%BD%D0%B5%D0%BD%D0%B8%D1%8F_%D0%BF%D0%B5%D1%80%D0%B2%D0%BE%D0%B3%D0%BE_%D0%B7%D0%B2%D0%B5%D0%BD%D0%B0_%D0%B3%D0%B0%D0%B7%D0%BE%D0%BF%D1%80%D0%BE%D0%B2%D0%BE%D0%B4%D0%B0_%C2%AB%D0%A1%D0%B8%D0%BB%D0%B0_%D0%A1%D0%B8%D0%B1%D0%B8%D1%80%D0%B8%C2%BB_%282014%29.jpg?utm_source=commons.wikimedia.org&utm_campaign=imageinfo&utm_content=original
2025-02-03-mission-300-dar-es-salaam-compacts,assets/articles/dar-es-salaam-city-1600.webp,"Central Dar es Salaam, Tanzania",Vijay8808,CC BY-SA 4.0,https://creativecommons.org/licenses/by-sa/4.0,https://commons.wikimedia.org/wiki/File:Dar_es_salaam_City.jpg,https://upload.wikimedia.org/wikipedia/commons/f/f1/Dar_es_salaam_City.jpg?utm_source=commons.wikimedia.org&utm_campaign=imageinfo&utm_content=original
2025-02-24-china-document-136-renewables-market-pricing,assets/articles/wind-turbines-on-highway-g312-xinjiang-china-panoramio-4-1600.webp,"Wind turbines along Highway G312 in Xinjiang, China",Matthew Summerton,CC BY-SA 3.0,https://creativecommons.org/licenses/by-sa/3.0,"https://commons.wikimedia.org/wiki/File:Wind_Turbines_on_Highway_G312_Xinjiang,_China_-_panoramio_(4).jpg",https://upload.wikimedia.org/wikipedia/commons/0/07/Wind_Turbines_on_Highway_G312_Xinjiang%2C_China_-_panoramio_%284%29.jpg?utm_source=commons.wikimedia.org&utm_campaign=imageinfo&utm_content=original
2025-02-24-japan-seventh-strategic-energy-plan,assets/articles/kashiwazaki-kariwa-nuclear-power-plant-14-aug-2019-cropped-1600.webp,"Aerial view of the Kashiwazaki-Kariwa nuclear power plant, Niigata, Japan",皓月旗,CC BY-SA 4.0,https://creativecommons.org/licenses/by-sa/4.0,https://commons.wikimedia.org/wiki/File:Kashiwazaki-Kariwa_Nuclear_Power_Plant_14-Aug-2019_(cropped).jpg,https://upload.wikimedia.org/wikipedia/commons/d/d7/Kashiwazaki-Kariwa_Nuclear_Power_Plant_14-Aug-2019_%28cropped%29.jpg?utm_source=commons.wikimedia.org&utm_campaign=imageinfo&utm_content=original
2025-03-03-affordable-energy-action-plan,assets/articles/electricity-pylons-jupille-sur-meuse-be-2008-1600.webp,"Electricity pylons at Jupille-sur-Meuse, Belgium",LHOON,CC BY-SA 2.0,https://creativecommons.org/licenses/by-sa/2.0,https://commons.wikimedia.org/wiki/File:Electricity_pylons_Jupille-sur-Meuse_BE_2008.jpg,https://upload.wikimedia.org/wikipedia/commons/0/0d/Electricity_pylons_Jupille-sur-Meuse_BE_2008.jpg?utm_source=commons.wikimedia.org&utm_campaign=imageinfo&utm_content=original
2025-04-07-india-coal-one-billion-tonnes,assets/articles/coal-handling-plant-dudhichua-coal-mine-singrauli-1600.webp,"The coal handling plant at Dudhichua mine, Singrauli, India","Rosehubwiki, Kuber Patel",CC BY-SA 4.0,https://creativecommons.org/licenses/by-sa/4.0,https://commons.wikimedia.org/wiki/File:Coal_Handling_Plant_Dudhichua_Coal_Mine_Singrauli.jpg,https://upload.wikimedia.org/wikipedia/commons/6/61/Coal_Handling_Plant_Dudhichua_Coal_Mine_Singrauli.jpg?utm_source=commons.wikimedia.org&utm_campaign=imageinfo&utm_content=original
2025-06-16-coal-trade-record-then-retreat,assets/articles/kapal-tongkang-batubara-melintas-sungai-mahakam-1600.webp,"Coal barges on the Mahakam River, East Kalimantan, Indonesia",Herusutimbul,CC BY-SA 4.0,https://creativecommons.org/licenses/by-sa/4.0,https://commons.wikimedia.org/wiki/File:Kapal_Tongkang_Batubara_melintas_Sungai_Mahakam.jpg,https://upload.wikimedia.org/wikipedia/commons/3/3c/Kapal_Tongkang_Batubara_melintas_Sungai_Mahakam.jpg?utm_source=commons.wikimedia.org&utm_campaign=imageinfo&utm_content=original
2025-06-16-ercot-load-growth-and-reliability,assets/articles/electric-towers-and-lines-in-clay-county-texas-within-vicini-1600.webp,"Transmission towers in Clay County, Texas",Jphill19,CC BY-SA 4.0,https://creativecommons.org/licenses/by-sa/4.0,"https://commons.wikimedia.org/wiki/File:Electric_towers_and_lines_in_Clay_County,_Texas_within_vicinity_of_Bowie,_Texas.jpg",https://upload.wikimedia.org/wikipedia/commons/4/40/Electric_towers_and_lines_in_Clay_County%2C_Texas_within_vicinity_of_Bowie%2C_Texas.jpg?utm_source=commons.wikimedia.org&utm_campaign=imageinfo&utm_content=original
2025-06-18-local-vs-imported-coal,assets/articles/port-qasim-coal-power-plant-08-06-2021-1600.webp,"The Port Qasim coal power plant near Karachi, Pakistan",VileGecko,CC BY-SA 4.0,https://creativecommons.org/licenses/by-sa/4.0,"https://commons.wikimedia.org/wiki/File:Port_Qasim_Coal_Power_Plant,_08.06.2021.jpg",https://upload.wikimedia.org/wikipedia/commons/2/2d/Port_Qasim_Coal_Power_Plant%2C_08.06.2021.jpg?utm_source=commons.wikimedia.org&utm_campaign=imageinfo&utm_content=original
2025-06-30-china-may-solar-rush-93gw,assets/articles/longyangxia-oli-2017005-lrg-1600.webp,"Landsat view of the Longyangxia Dam and its solar park, Qinghai, China",USGS/NASA Landsat,Public domain,,https://commons.wikimedia.org/wiki/File:Longyangxia_oli_2017005_lrg.jpg,https://upload.wikimedia.org/wikipedia/commons/f/fa/Longyangxia_oli_2017005_lrg.jpg?utm_source=commons.wikimedia.org&utm_campaign=imageinfo&utm_content=original
2025-07-07-climate-support-levy-fuel,assets/articles/shell-pakistan-limited-retail-site-in-karachi-1600.webp,A Shell fuel station in Karachi at night,Engr hirah,CC BY-SA 3.0,https://creativecommons.org/licenses/by-sa/3.0,"https://commons.wikimedia.org/wiki/File:Shell_Pakistan_Limited,_retail_Site_in_Karachi.jpg",https://upload.wikimedia.org/wikipedia/commons/8/83/Shell_Pakistan_Limited%2C_retail_Site_in_Karachi.jpg?utm_source=commons.wikimedia.org&utm_campaign=imageinfo&utm_content=original
2025-07-14-nuclear-smr-licensing-after-advance-act,assets/articles/nuscale-upper-one-third-mockup-1600.webp,"A full-scale mock-up of the upper third of a NuScale power module, Oregon",Oregon State University,CC BY-SA 2.0,https://creativecommons.org/licenses/by-sa/2.0,https://commons.wikimedia.org/wiki/File:NuScale-Upper-One-Third-Mockup.jpg,https://upload.wikimedia.org/wikipedia/commons/b/b7/NuScale-Upper-One-Third-Mockup.jpg?utm_source=commons.wikimedia.org&utm_campaign=imageinfo&utm_content=original
2025-07-14-shipping-chokepoints-energy-security,assets/articles/bab-el-mandeb-seen-from-midchannel-1600.webp,"The Bab el-Mandeb strait seen from mid-channel, with Yemen in the distance",Richard Weil,CC0,http://creativecommons.org/publicdomain/zero/1.0/deed.en,https://commons.wikimedia.org/wiki/File:Bab-el-Mandeb_Seen_From_Midchannel.jpg,https://upload.wikimedia.org/wikipedia/commons/5/57/Bab-el-Mandeb_Seen_From_Midchannel.jpg?utm_source=commons.wikimedia.org&utm_campaign=imageinfo&utm_content=original
2025-07-14-uk-rejects-zonal-pricing-rema,assets/articles/wind-turbines-and-power-lines-east-sussex-england-april-2009-1600.webp,"A wind farm and power lines near Rye, East Sussex, England",Diliff,CC BY-SA 3.0,https://creativecommons.org/licenses/by-sa/3.0,"https://commons.wikimedia.org/wiki/File:Wind_Turbines_and_Power_Lines,_East_Sussex,_England_-_April_2009.jpg",https://upload.wikimedia.org/wikipedia/commons/6/6f/Wind_Turbines_and_Power_Lines%2C_East_Sussex%2C_England_-_April_2009.jpg?utm_source=commons.wikimedia.org&utm_campaign=imageinfo&utm_content=original
2025-07-21-india-50-per-cent-non-fossil-capacity,assets/articles/wind-farm-muppandal-1600.webp,"A wind farm at Muppandal, Tamil Nadu, India",Deepa vasudevan,CC BY-SA 4.0,https://creativecommons.org/licenses/by-sa/4.0,https://commons.wikimedia.org/wiki/File:Wind_Farm_Muppandal.jpg,https://upload.wikimedia.org/wikipedia/commons/a/a9/Wind_Farm_Muppandal.jpg?utm_source=commons.wikimedia.org&utm_campaign=imageinfo&utm_content=original
2025-07-21-obbba-wind-solar-credit-cliff,assets/articles/wind-turbines-adair-wind-farm-iowa-usa-6-48916254952-1600.webp,"Wind turbines at the Adair Wind Farm, Iowa",James St. John,CC BY 2.0,https://creativecommons.org/licenses/by/2.0,"https://commons.wikimedia.org/wiki/File:Wind_turbines_(Adair_Wind_Farm,_Iowa,_USA)_6_(48916254952).jpg",https://upload.wikimedia.org/wikipedia/commons/c/c2/Wind_turbines_%28Adair_Wind_Farm%2C_Iowa%2C_USA%29_6_%2848916254952%29.jpg?utm_source=commons.wikimedia.org&utm_campaign=imageinfo&utm_content=original
2025-07-28-china-yarlung-tsangpo-hydropower-cascade,assets/articles/yarlung-tsangpo-tibet-02-1600.webp,The Yarlung Tsangpo river in Tibet,Carlos Delgado,CC BY-SA 3.0,https://creativecommons.org/licenses/by-sa/3.0,https://commons.wikimedia.org/wiki/File:Yarlung_Tsangpo_-_Tibet_-_02.jpg,https://upload.wikimedia.org/wikipedia/commons/2/27/Yarlung_Tsangpo_-_Tibet_-_02.jpg?utm_source=commons.wikimedia.org&utm_campaign=imageinfo&utm_content=original
2025-08-18-middle-east-spare-capacity-oil,assets/articles/khurais-oil-processing-facility-saudi-arabia-by-planet-labs-1600.webp,"Satellite view of the Khurais oil processing facility, Saudi Arabia",Planet Labs,CC BY-SA 4.0,https://creativecommons.org/licenses/by-sa/4.0,"https://commons.wikimedia.org/wiki/File:Khurais_Oil_Processing_Facility,_Saudi_Arabia_by_Planet_Labs.jpg",https://upload.wikimedia.org/wikipedia/commons/4/4f/Khurais_Oil_Processing_Facility%2C_Saudi_Arabia_by_Planet_Labs.jpg?utm_source=commons.wikimedia.org&utm_campaign=imageinfo&utm_content=original
2025-08-20-igcep-2025-35-revision,assets/articles/dam-reservoir-body-and-sedimentation-basins-neelum-jhelum-hy-1600.webp,"The dam and reservoir of the Neelum Jhelum hydropower plant, Azad Kashmir",Asadwarraich,CC BY-SA 4.0,https://creativecommons.org/licenses/by-sa/4.0,"https://commons.wikimedia.org/wiki/File:Dam_reservoir,_body_and_sedimentation_basins_-_Neelum_Jhelum_Hydropower_Plant.jpg",https://upload.wikimedia.org/wikipedia/commons/6/64/Dam_reservoir%2C_body_and_sedimentation_basins_-_Neelum_Jhelum_Hydropower_Plant.jpg?utm_source=commons.wikimedia.org&utm_campaign=imageinfo&utm_content=original
2025-09-01-africa-solar-imports-surge,assets/articles/elizabeth-mukwimba-tanzania-2015-1600.webp,"Elizabeth Mukwimba of Tanzania, whose home now has solar lighting and power",UK Department for International Development,CC BY 2.0,https://creativecommons.org/licenses/by/2.0,"https://commons.wikimedia.org/wiki/File:Elizabeth_Mukwimba,_Tanzania,_2015.jpg",https://upload.wikimedia.org/wikipedia/commons/0/03/Elizabeth_Mukwimba%2C_Tanzania%2C_2015.jpg?utm_source=commons.wikimedia.org&utm_campaign=imageinfo&utm_content=original
2025-09-08-nev-policy-levy-electric-two-wheelers,assets/articles/decorated-auto-rickshaw-1-1600.webp,A decorated auto rickshaw in the inner city of Lahore,Tahir mq,CC BY-SA 4.0,https://creativecommons.org/licenses/by-sa/4.0,https://commons.wikimedia.org/wiki/File:Decorated_Auto_Rickshaw_1.jpg,https://upload.wikimedia.org/wikipedia/commons/6/62/Decorated_Auto_Rickshaw_1.jpg?utm_source=commons.wikimedia.org&utm_campaign=imageinfo&utm_content=original
2025-09-15-european-electricity-flexibility-gap,assets/articles/bs-umspannwerk-nord-1600.webp,"The Braunschweig North substation, Germany",TeWeBs,CC BY-SA 4.0,https://creativecommons.org/licenses/by-sa/4.0,https://commons.wikimedia.org/wiki/File:BS_Umspannwerk_Nord.JPG,https://upload.wikimedia.org/wikipedia/commons/8/8c/BS_Umspannwerk_Nord.JPG?utm_source=commons.wikimedia.org&utm_campaign=imageinfo&utm_content=original
2025-09-15-fy25-generation-mix,assets/articles/tarbela-dam-4-1600.webp,"Tarbela Dam on the Indus River, Pakistan",Omeas Mumtaz Siddiqui,CC BY-SA 3.0,https://creativecommons.org/licenses/by-sa/3.0,https://commons.wikimedia.org/wiki/File:Tarbela_DAm_4.JPG,https://upload.wikimedia.org/wikipedia/commons/6/6e/Tarbela_DAm_4.JPG?utm_source=commons.wikimedia.org&utm_campaign=imageinfo&utm_content=original
2025-09-15-gerd-inauguration-power-and-the-nile,assets/articles/the-grand-ethiopian-renaissance-dam-ethiopia-1600.webp,"The Grand Ethiopian Renaissance Dam on the Blue Nile, Ethiopia",Yonas Kidane,CC BY-SA 2.0,https://creativecommons.org/licenses/by-sa/2.0,"https://commons.wikimedia.org/wiki/File:The_Grand_Ethiopian_Renaissance_Dam,_Ethiopia.jpg",https://upload.wikimedia.org/wikipedia/commons/c/cc/The_Grand_Ethiopian_Renaissance_Dam%2C_Ethiopia.jpg?utm_source=commons.wikimedia.org&utm_campaign=imageinfo&utm_content=original
2025-09-15-renewables-share-electricity-generation,assets/articles/solar-panels-at-topaz-solar-4-8159035850-1600.webp,"Solar panels at the Topaz Solar Farm in San Luis Obispo County, California","Sarah Swenty, US Fish and Wildlife Service",Public domain,,https://commons.wikimedia.org/wiki/File:Solar_Panels_at_Topaz_Solar_4_(8159035850).jpg,https://upload.wikimedia.org/wikipedia/commons/e/e9/Solar_Panels_at_Topaz_Solar_4_%288159035850%29.jpg?utm_source=commons.wikimedia.org&utm_campaign=imageinfo&utm_content=original
2025-09-22-australia-2035-target,assets/articles/transmission-line-pylon-near-middleton-grange-photo-3-1600.webp,"A transmission line pylon in the Western Sydney Parklands, Australia",Chris.sherlock,CC BY-SA 4.0,https://creativecommons.org/licenses/by-sa/4.0,https://commons.wikimedia.org/wiki/File:Transmission_line_pylon_near_Middleton_Grange_-_photo_3.jpg,https://upload.wikimedia.org/wikipedia/commons/2/2b/Transmission_line_pylon_near_Middleton_Grange_-_photo_3.jpg?utm_source=commons.wikimedia.org&utm_campaign=imageinfo&utm_content=original
2025-10-06-china-2035-ndc-7-to-10-per-cent,assets/articles/three-gorges-dam-october-2016-1600.webp,"The upstream side of the Three Gorges Dam on the Yangtze River, China",Fredlyfish4,CC BY-SA 4.0,https://creativecommons.org/licenses/by-sa/4.0,https://commons.wikimedia.org/wiki/File:Three_Gorges_Dam_October_2016.jpg,https://upload.wikimedia.org/wikipedia/commons/f/f9/Three_Gorges_Dam_October_2016.jpg?utm_source=commons.wikimedia.org&utm_campaign=imageinfo&utm_content=original
2025-10-13-colocated-large-loads-and-tariff-design,assets/articles/susquehanna-steam-electric-station-from-council-cup-1-1600.webp,"The Susquehanna Steam Electric Station in Luzerne County, Pennsylvania",Jakec,CC BY-SA 4.0,https://creativecommons.org/licenses/by-sa/4.0,https://commons.wikimedia.org/wiki/File:Susquehanna_Steam_Electric_Station_from_Council_Cup_1.JPG,https://upload.wikimedia.org/wikipedia/commons/2/20/Susquehanna_Steam_Electric_Station_from_Council_Cup_1.JPG?utm_source=commons.wikimedia.org&utm_campaign=imageinfo&utm_content=original
2025-10-13-iberian-blackout-factual-report,assets/articles/power-lines-and-windpower-plants-in-andalusia-spain-1600.webp,"A power line and wind turbines in Andalusia, Spain",Konstantin,CC BY-SA 3.0,http://creativecommons.org/licenses/by-sa/3.0/,"https://commons.wikimedia.org/wiki/File:Power_lines_and_Windpower_plants_in_Andalusia,_Spain.jpg",https://upload.wikimedia.org/wikipedia/commons/4/4e/Power_lines_and_Windpower_plants_in_Andalusia%2C_Spain.jpg?utm_source=commons.wikimedia.org&utm_campaign=imageinfo&utm_content=original
2025-10-20-india-carbon-market-first-intensity-targets,assets/articles/durgapur-steel-plant-1600.webp,"The Durgapur Steel Plant in West Bengal, India",P.K.Niyogi,CC BY-SA 3.0,http://creativecommons.org/licenses/by-sa/3.0/,https://commons.wikimedia.org/wiki/File:Durgapur_Steel_Plant.jpg,https://upload.wikimedia.org/wikipedia/commons/3/34/Durgapur_Steel_Plant.jpg?utm_source=commons.wikimedia.org&utm_campaign=imageinfo&utm_content=original
2025-10-27-brazil-foz-do-amazonas-drilling-licence,assets/articles/amazon-river-delta-nasa-1600.webp,"The mouths of the Amazon River, Brazil, seen from orbit",NASA,Public domain,,https://commons.wikimedia.org/wiki/File:Amazon-river-delta-NASA.jpg,https://upload.wikimedia.org/wikipedia/commons/9/9e/Amazon-river-delta-NASA.jpg?utm_source=commons.wikimedia.org&utm_campaign=imageinfo&utm_content=original
2025-10-27-drc-cobalt-quotas-replace-ban,assets/articles/artisanal-cobalt-miners-in-the-democratic-republic-of-congo-1600.webp,Artisanal cobalt miners in the Democratic Republic of the Congo,The International Institute for Environment and Development,CC BY 2.5,https://creativecommons.org/licenses/by/2.5,https://commons.wikimedia.org/wiki/File:Artisanal_cobalt_miners_in_the_Democratic_Republic_of_Congo.jpg,https://upload.wikimedia.org/wikipedia/commons/2/23/Artisanal_cobalt_miners_in_the_Democratic_Republic_of_Congo.jpg?utm_source=commons.wikimedia.org&utm_campaign=imageinfo&utm_content=original
2025-11-17-eu-2040-target-90-percent-flexibilities,assets/articles/european-parliament-strasbourg-hemicycle-diliff-1600.webp,The European Parliament hemicycle in Strasbourg during a plenary session,Diliff,CC BY-SA 3.0,https://creativecommons.org/licenses/by-sa/3.0,https://commons.wikimedia.org/wiki/File:European_Parliament_Strasbourg_Hemicycle_-_Diliff.jpg,https://upload.wikimedia.org/wikipedia/commons/2/2c/European_Parliament_Strasbourg_Hemicycle_-_Diliff.jpg?utm_source=commons.wikimedia.org&utm_campaign=imageinfo&utm_content=original
2025-11-17-iea-weo-2025-energy-security-scenarios,assets/articles/iaea-iea-world-energy-outlook-2011-01112608-6394076975-1600.webp,A World Energy Outlook presentation at a joint IAEA and IEA seminar in Vienna,IAEA Imagebank,CC BY-SA 2.0,https://creativecommons.org/licenses/by-sa/2.0,https://commons.wikimedia.org/wiki/File:IAEA_%E2%80%93_IEA_World_Energy_Outlook_2011_(01112608)_(6394076975).jpg,https://upload.wikimedia.org/wikipedia/commons/2/28/IAEA_%E2%80%93_IEA_World_Energy_Outlook_2011_%2801112608%29_%286394076975%29.jpg?utm_source=commons.wikimedia.org&utm_campaign=imageinfo&utm_content=original
2025-12-08-cop30-belem-mutirao-fossil-fuel-roadmap,assets/articles/belem-brazil-1600.webp,"The skyline of Belém, Brazil",Jay Woodworth,CC BY 2.0,https://creativecommons.org/licenses/by/2.0,"https://commons.wikimedia.org/wiki/File:Belem,_Brazil.jpg",https://upload.wikimedia.org/wikipedia/commons/8/8b/Belem%2C_Brazil.jpg?utm_source=commons.wikimedia.org&utm_campaign=imageinfo&utm_content=original
2025-12-10-circular-debt-stock-vs-flow,assets/articles/wapda-house-mall-road-lahore-15691573651-1600.webp,"WAPDA House on Mall Road, Lahore",Guilhem Vellut,CC BY 2.0,https://creativecommons.org/licenses/by/2.0,https://commons.wikimedia.org/wiki/File:WAPDA_House_@_Mall_Road_@_Lahore_(15691573651).jpg,https://upload.wikimedia.org/wikipedia/commons/d/d6/WAPDA_House_%40_Mall_Road_%40_Lahore_%2815691573651%29.jpg?utm_source=commons.wikimedia.org&utm_campaign=imageinfo&utm_content=original
2025-12-15-coal-retirement-delays-and-emergency-orders,assets/articles/w-h-sammis-power-plant-12-2024-1600.webp,Aerial view of the W. H. Sammis power plant in Ohio during dismantling,Percival Kestreltail,CC BY-SA 4.0,https://creativecommons.org/licenses/by-sa/4.0,https://commons.wikimedia.org/wiki/File:W._H._Sammis_Power_Plant_12-2024.jpg,https://upload.wikimedia.org/wikipedia/commons/d/df/W._H._Sammis_Power_Plant_12-2024.jpg?utm_source=commons.wikimedia.org&utm_campaign=imageinfo&utm_content=original
2025-12-15-lng-contracting-europe-demand-uncertainty,assets/articles/baustelle-lng-leitung-1600.webp,"Construction of the gas pipeline from the Wilhelmshaven LNG terminal, Germany",Rudolf C22,CC BY-SA 4.0,https://creativecommons.org/licenses/by-sa/4.0,https://commons.wikimedia.org/wiki/File:Baustelle_LNG_Leitung.jpg,https://upload.wikimedia.org/wikipedia/commons/e/ee/Baustelle_LNG_Leitung.jpg?utm_source=commons.wikimedia.org&utm_campaign=imageinfo&utm_content=original
2025-12-29-india-shanti-act-nuclear-opening,assets/articles/kudankulam-nuclear-power-plant-unit-1-and-2-1600.webp,"Units 1 and 2 of the Kudankulam nuclear power plant, Tamil Nadu, India",Reetesh Chaurasia,CC BY-SA 4.0,https://creativecommons.org/licenses/by-sa/4.0,https://commons.wikimedia.org/wiki/File:Kudankulam_Nuclear_Power_Plant_Unit_1_and_2.jpg,https://upload.wikimedia.org/wikipedia/commons/3/3e/Kudankulam_Nuclear_Power_Plant_Unit_1_and_2.jpg?utm_source=commons.wikimedia.org&utm_campaign=imageinfo&utm_content=original
2026-01-12-cbam-definitive-phase-begins,assets/articles/ecsc-financial-report-1988-ensidesa-steel-mill-1600.webp,"The Ensidesa steel mill at Avilés, Spain",European Coal and Steel Community,CC BY-SA 4.0,https://creativecommons.org/licenses/by-sa/4.0,https://commons.wikimedia.org/wiki/File:ECSC_Financial_report_1988_Ensidesa_Steel_mill.jpg,https://upload.wikimedia.org/wikipedia/commons/b/bb/ECSC_Financial_report_1988_Ensidesa_Steel_mill.jpg?utm_source=commons.wikimedia.org&utm_campaign=imageinfo&utm_content=original
2026-01-26-india-discoms-first-profit,assets/articles/tneb-transformer-kulisholai-sep25-a7cr-07592-1600.webp,"A distribution transformer on a utility pole in Tamil Nadu, India",Timothy A. Gonsalves,CC BY-SA 4.0,https://creativecommons.org/licenses/by-sa/4.0,https://commons.wikimedia.org/wiki/File:TNEB_Transformer_Kulisholai_Sep25_A7CR_07592.jpg,https://upload.wikimedia.org/wikipedia/commons/7/75/TNEB_Transformer_Kulisholai_Sep25_A7CR_07592.jpg?utm_source=commons.wikimedia.org&utm_campaign=imageinfo&utm_content=original
2026-02-09-mozambique-lng-full-restart,assets/articles/vila-da-palma-mozambique-voa-1600.webp,"A square in the town of Palma, Cabo Delgado, Mozambique",Amâncio Miguel / VOA,Public domain,,"https://commons.wikimedia.org/wiki/File:Vila_da_Palma,_Mozambique,_VOA.jpg",https://upload.wikimedia.org/wikipedia/commons/e/e4/Vila_da_Palma%2C_Mozambique%2C_VOA.jpg?utm_source=commons.wikimedia.org&utm_campaign=imageinfo&utm_content=original
2026-02-16-china-2025-wind-solar-overtake-thermal,assets/articles/guazhou-champs-oliennes-2-1600.webp,"Wind turbines in Guazhou County, Gansu province, China",Popolon,CC BY-SA 3.0,https://creativecommons.org/licenses/by-sa/3.0,https://commons.wikimedia.org/wiki/File:Guazhou.champs_%C3%A9oliennes.2.jpg,https://upload.wikimedia.org/wikipedia/commons/d/da/Guazhou.champs_%C3%A9oliennes.2.jpg?utm_source=commons.wikimedia.org&utm_campaign=imageinfo&utm_content=original
2026-02-16-eu-russian-gas-ban-regulation,assets/articles/lubmin-nord-stream-offshore-rohr-1600.webp,"A section of Nord Stream offshore pipe on display at Lubmin, Germany",Assenmacher,CC BY-SA 3.0,https://creativecommons.org/licenses/by-sa/3.0,https://commons.wikimedia.org/wiki/File:Lubmin_Nord_Stream_Offshore-Rohr.jpg,https://upload.wikimedia.org/wikipedia/commons/b/b6/Lubmin_Nord_Stream_Offshore-Rohr.jpg?utm_source=commons.wikimedia.org&utm_campaign=imageinfo&utm_content=original
2026-03-10-hormuz-oil-transit-collapse-iea,assets/articles/fujeirah-04-1600.webp,"Fujairah port with the oil transit terminal in the distance, United Arab Emirates",Bjoertvedt,CC BY-SA 3.0,https://creativecommons.org/licenses/by-sa/3.0,https://commons.wikimedia.org/wiki/File:Fujeirah_04.jpg,https://upload.wikimedia.org/wikipedia/commons/4/41/Fujeirah_04.jpg?utm_source=commons.wikimedia.org&utm_campaign=imageinfo&utm_content=original
2026-03-16-hormuz-austerity-fuel-demand,assets/articles/pso-petrol-station-hyderabad-1600.webp,"A Pakistan State Oil petrol and CNG station in Hyderabad, Sindh",Farhan,CC BY 2.0,https://creativecommons.org/licenses/by/2.0,"https://commons.wikimedia.org/wiki/File:PSO_Petrol_Station,_Hyderabad.jpg",https://upload.wikimedia.org/wikipedia/commons/2/24/PSO_Petrol_Station%2C_Hyderabad.jpg?utm_source=commons.wikimedia.org&utm_campaign=imageinfo&utm_content=original
2026-03-18-iea-collective-stock-release-400m-barrels,assets/articles/suncor-energy-crude-oil-storage-tank-farm-wyoming-5221091873-1600.webp,"A crude oil storage tank farm near Guernsey, Wyoming",Tony Webster,CC BY 2.0,https://creativecommons.org/licenses/by/2.0,https://commons.wikimedia.org/wiki/File:Suncor_Energy_-_Crude_Oil_Storage_Tank_Farm_-_Wyoming_(52210918732).jpg,https://upload.wikimedia.org/wikipedia/commons/3/3f/Suncor_Energy_-_Crude_Oil_Storage_Tank_Farm_-_Wyoming_%2852210918732%29.jpg?utm_source=commons.wikimedia.org&utm_campaign=imageinfo&utm_content=original
2026-03-20-china-15th-five-year-plan-carbon-intensity,assets/articles/monuments-to-hubris-1600.webp,The Beijing central business district under heavy smog,Bingjiefu He,CC BY-SA 4.0,https://creativecommons.org/licenses/by-sa/4.0,https://commons.wikimedia.org/wiki/File:Monuments_to_Hubris.jpg,https://upload.wikimedia.org/wikipedia/commons/2/24/Monuments_to_Hubris.jpg?utm_source=commons.wikimedia.org&utm_campaign=imageinfo&utm_content=original
2026-03-23-japan-korea-hormuz-oil-reserves,assets/articles/view-of-eneos-kiire-base-from-a-cessna-aircraft-1600.webp,"The ENEOS Kiire oil stockpiling base in Kagoshima, Japan, from the air",ブルーノ・プラス,CC BY-SA 4.0,https://creativecommons.org/licenses/by-sa/4.0,https://commons.wikimedia.org/wiki/File:View_of_ENEOS_Kiire_Base_from_a_Cessna_aircraft.jpg,https://upload.wikimedia.org/wikipedia/commons/3/3d/View_of_ENEOS_Kiire_Base_from_a_Cessna_aircraft.jpg?utm_source=commons.wikimedia.org&utm_campaign=imageinfo&utm_content=original
2026-03-23-spr-release-gasoline-prices-hormuz,assets/articles/united-states-strategic-petroleum-reserve-102-1600.webp,Well pads at a US Strategic Petroleum Reserve storage site on the Gulf Coast,US Department of Energy,Public domain,,https://commons.wikimedia.org/wiki/File:United_States_Strategic_Petroleum_Reserve_102.jpg,https://upload.wikimedia.org/wikipedia/commons/f/fa/United_States_Strategic_Petroleum_Reserve_102.jpg?utm_source=commons.wikimedia.org&utm_campaign=imageinfo&utm_content=original
2026-04-14-iran-crude-exports-eia-vortexa-record,assets/articles/kharg-oil-loading-terminal-1600.webp,"Tankers loading crude at the Kharg Island oil terminal, Iran",National Iranian Oil Company,Public domain,,https://commons.wikimedia.org/wiki/File:Kharg_oil_loading_terminal.jpg,https://upload.wikimedia.org/wikipedia/commons/2/21/Kharg_oil_loading_terminal.jpg?utm_source=commons.wikimedia.org&utm_campaign=imageinfo&utm_content=original
2026-05-12-opec-spare-capacity-under-gulf-disruption,assets/articles/ras-tanura-refinary-01-1600.webp,"Part of the Ras Tanura refinery, Saudi Arabia",Arabian American Oil Company,Public domain,,https://commons.wikimedia.org/wiki/File:Ras_Tanura_refinary_01.jpg,https://upload.wikimedia.org/wikipedia/commons/2/2a/Ras_Tanura_refinary_01.jpg?utm_source=commons.wikimedia.org&utm_campaign=imageinfo&utm_content=original
2026-05-18-middle-east-lng-qatar-gulf-exports,assets/articles/lijmiliya-lng-carrier-qatargas-1600.webp,The Qatargas LNG carrier Lijmiliya under way,devopstom,CC BY-SA 2.0,https://creativecommons.org/licenses/by-sa/2.0,https://commons.wikimedia.org/wiki/File:Lijmiliya_LNG_carrier_QatarGas.jpg,https://upload.wikimedia.org/wikipedia/commons/f/f2/Lijmiliya_LNG_carrier_QatarGas.jpg?utm_source=commons.wikimedia.org&utm_campaign=imageinfo&utm_content=original
2026-06-15-coal-phase-down-asia-trade,assets/articles/shuozhou-coal-power-plant-1600.webp,"A coal-fired power plant in Shuozhou, Shanxi, China",Kleineolive,CC BY 3.0,https://creativecommons.org/licenses/by/3.0,https://commons.wikimedia.org/wiki/File:Shuozhou_coal_power_plant.JPG,https://upload.wikimedia.org/wikipedia/commons/3/3e/Shuozhou_coal_power_plant.JPG?utm_source=commons.wikimedia.org&utm_campaign=imageinfo&utm_content=original
2026-06-16-qatar-lng-hormuz-and-ras-laffan,assets/articles/ras-laffan-lng-terminal-in-2012-1600.webp,"Flares and an LNG carrier at the Ras Laffan LNG terminal, Qatar",Matthew Smith,CC BY 2.0,https://creativecommons.org/licenses/by/2.0,https://commons.wikimedia.org/wiki/File:Ras_Laffan_LNG_terminal_in_2012.jpg,https://upload.wikimedia.org/wikipedia/commons/7/7c/Ras_Laffan_LNG_terminal_in_2012.jpg?utm_source=commons.wikimedia.org&utm_campaign=imageinfo&utm_content=original
2026-07-13-india-gas-rationing-hormuz-lessons,assets/articles/petronet-lng-terminal-kochi-storage-tanks-1600.webp,"Storage tanks at the Petronet LNG terminal at Puthuvype, Kochi, India",Drajay1976,CC BY-SA 3.0,https://creativecommons.org/licenses/by-sa/3.0,https://commons.wikimedia.org/wiki/File:%E0%B4%AA%E0%B5%86%E0%B4%9F%E0%B5%8D%E0%B4%B0%E0%B5%8B%E0%B4%A8%E0%B5%86%E0%B4%B1%E0%B5%8D%E0%B4%B1%E0%B5%8D_%E0%B4%8E%E0%B5%BD.%E0%B4%8E%E0%B5%BB.%E0%B4%9C%E0%B4%BF.%E0%B4%AF%E0%B5%81%E0%B4%9F%E0%B5%86_%E0%B4%B5%E0%B4%BE%E0%B4%A4%E0%B4%95_%E0%B4%9F%E0%B4%BE%E0%B4%99%E0%B5%8D%E0%B4%95%E0%B5%81%E0%B4%95%E0%B5%BE.jpg,https://upload.wikimedia.org/wikipedia/commons/9/9b/%E0%B4%AA%E0%B5%86%E0%B4%9F%E0%B5%8D%E0%B4%B0%E0%B5%8B%E0%B4%A8%E0%B5%86%E0%B4%B1%E0%B5%8D%E0%B4%B1%E0%B5%8D_%E0%B4%8E%E0%B5%BD.%E0%B4%8E%E0%B5%BB.%E0%B4%9C%E0%B4%BF.%E0%B4%AF%E0%B5%81%E0%B4%9F%E0%B5%86_%E0%B4%B5%E0%B4%BE%E0%B4%A4%E0%B4%95_%E0%B4%9F%E0%B4%BE%E0%B4%99%E0%B5%8D%E0%B4%95%E0%B5%81%E0%B4%95%E0%B5%BE.jpg?utm_source=commons.wikimedia.org&utm_campaign=imageinfo&utm_content=original
2026-07-13-national-transmission-needs-study-draft,assets/articles/high-voltage-transmission-towers-and-lines-1600.webp,"High-voltage transmission towers and lines in Oregon, United States",Stefan Andrej Shambora,CC BY 2.0,https://creativecommons.org/licenses/by/2.0,https://commons.wikimedia.org/wiki/File:High_voltage_transmission_towers_and_lines.jpg,https://upload.wikimedia.org/wikipedia/commons/b/b4/High_voltage_transmission_towers_and_lines.jpg?utm_source=commons.wikimedia.org&utm_campaign=imageinfo&utm_content=original
2026-07-13-shipping-cape-route-cumulative-costs,assets/articles/ships-off-cape-town-south-africa-1600.webp,"Ships, including an LNG carrier, off Cape Town, South Africa",warrenski,CC BY-SA 2.0,https://creativecommons.org/licenses/by-sa/2.0,"https://commons.wikimedia.org/wiki/File:Ships_off_Cape_Town,_South_Africa.jpg",https://upload.wikimedia.org/wikipedia/commons/a/ae/Ships_off_Cape_Town%2C_South_Africa.jpg?utm_source=commons.wikimedia.org&utm_campaign=imageinfo&utm_content=original
2026-07-20-eu-gas-storage-refill-under-hormuz-stress,assets/articles/empelde-gasspeicher-6785-1600.webp,"The underground natural gas storage facility at Empelde near Hanover, Germany",Gerd Fahrenhorst,CC BY 3.0,https://creativecommons.org/licenses/by/3.0,https://commons.wikimedia.org/wiki/File:Empelde_Gasspeicher_6785.jpg,https://upload.wikimedia.org/wikipedia/commons/e/eb/Empelde_Gasspeicher_6785.jpg?utm_source=commons.wikimedia.org&utm_campaign=imageinfo&utm_content=original
2026-07-28-disco-spv-fesco-gepco-iesco,assets/articles/usaid-strengthens-load-management-capacity-in-power-distribu-1600.webp,A load management control room at a Pakistani power distribution company,USAID Pakistan,Public domain,,https://commons.wikimedia.org/wiki/File:USAID_Strengthens_Load_Management_Capacity_in_Power_Distribution_Companies_(15972233911).jpg,https://upload.wikimedia.org/wikipedia/commons/c/ce/USAID_Strengthens_Load_Management_Capacity_in_Power_Distribution_Companies_%2815972233911%29.jpg?utm_source=commons.wikimedia.org&utm_campaign=imageinfo&utm_content=original
2026-08-10-igu-world-lng-report-2026-record,assets/articles/2023-05-20-01-lng-tanker-gulf-energy-imo-7390143-1600.webp,"The LNG carrier Gulf Energy at anchor in the Karmsundet strait, Norway",Gordon Leggett,CC BY-SA 4.0,https://creativecommons.org/licenses/by-sa/4.0,"https://commons.wikimedia.org/wiki/File:2023-05-20_01_LNG_tanker,_GULF_ENERGY_-_IMO_7390143.jpg",https://upload.wikimedia.org/wikipedia/commons/d/d1/2023-05-20_01_LNG_tanker%2C_GULF_ENERGY_-_IMO_7390143.jpg?utm_source=commons.wikimedia.org&utm_campaign=imageinfo&utm_content=original
2026-08-17-ercot-large-load-pause-verification,assets/articles/houston-lighting-power-substation-quitman-at-maury-houston-t-1600.webp,"A Houston Lighting and Power substation in Houston, Texas",Patrick Feller,CC BY 2.0,https://creativecommons.org/licenses/by/2.0,"https://commons.wikimedia.org/wiki/File:Houston_Lighting_%26_Power_Substation,_Quitman_at_Maury,_Houston,_Texas_0409111304BW_(5605879839).jpg",https://upload.wikimedia.org/wikipedia/commons/e/ed/Houston_Lighting_%26_Power_Substation%2C_Quitman_at_Maury%2C_Houston%2C_Texas_0409111304BW_%285605879839%29.jpg?utm_source=commons.wikimedia.org&utm_campaign=imageinfo&utm_content=original
2026-08-17-india-270-gw-peak-state-grids,assets/articles/transmission-tower-in-kerala-1600.webp,"A high-voltage transmission tower in Kerala, India",Vis M,CC BY-SA 4.0,https://creativecommons.org/licenses/by-sa/4.0,https://commons.wikimedia.org/wiki/File:Transmission_Tower_in_Kerala.jpg,https://upload.wikimedia.org/wikipedia/commons/d/db/Transmission_Tower_in_Kerala.jpg?utm_source=commons.wikimedia.org&utm_campaign=imageinfo&utm_content=original
2026-08-17-us-gas-exports-growth-path-to-2027,assets/articles/minerva-amorgos-lng-tanker-1600.webp,"The LNG carrier Minerva Amorgos at sea, en route to Corpus Christi, Texas",Rhetos,CC0,http://creativecommons.org/publicdomain/zero/1.0/deed.en,https://commons.wikimedia.org/wiki/File:Minerva_Amorgos_(LNG-Tanker).jpg,https://upload.wikimedia.org/wikipedia/commons/0/07/Minerva_Amorgos_%28LNG-Tanker%29.jpg?utm_source=commons.wikimedia.org&utm_campaign=imageinfo&utm_content=original
2026-08-18-power-markets-and-oil-gas-price-shock,assets/articles/eemshaven-panorama-1600.webp,"Power plants at Eemshaven, the Netherlands, including the Magnum gas-fired plant",Arnoldius,CC BY-SA 4.0,https://creativecommons.org/licenses/by-sa/4.0,https://commons.wikimedia.org/wiki/File:Eemshaven_panorama.jpg,https://upload.wikimedia.org/wikipedia/commons/e/e7/Eemshaven_panorama.jpg?utm_source=commons.wikimedia.org&utm_campaign=imageinfo&utm_content=original
2026-08-24-china-ev-battery-minerals-demand,assets/articles/catl-in-arnstadt-2-1600.webp,"The CATL battery cell plant at Arnstadt, Germany",Giorno2,CC BY-SA 4.0,https://creativecommons.org/licenses/by-sa/4.0,https://commons.wikimedia.org/wiki/File:CATL_in_Arnstadt_2.jpg,https://upload.wikimedia.org/wikipedia/commons/c/c6/CATL_in_Arnstadt_2.jpg?utm_source=commons.wikimedia.org&utm_campaign=imageinfo&utm_content=original
2026-09-06-cleared-pending-solar-applications,assets/articles/site-karachi-1600.webp,"A rooftop solar installation at the Sindh Industrial and Trading Estate, Karachi",Crosji,CC BY-SA 4.0,https://creativecommons.org/licenses/by-sa/4.0,https://commons.wikimedia.org/wiki/File:SITE_Karachi.jpg,https://upload.wikimedia.org/wikipedia/commons/6/61/SITE_Karachi.jpg?utm_source=commons.wikimedia.org&utm_campaign=imageinfo&utm_content=original
2026-09-07-european-power-prices-renewables,assets/articles/maranch-n-complex-windpark-1600.webp,"The Maranchón wind park in Castilla-La Mancha, Spain",Jfga,CC BY 3.0,https://creativecommons.org/licenses/by/3.0,https://commons.wikimedia.org/wiki/File:Maranch%C3%B3n_Complex_Windpark.JPG,https://upload.wikimedia.org/wikipedia/commons/4/49/Maranch%C3%B3n_Complex_Windpark.JPG?utm_source=commons.wikimedia.org&utm_campaign=imageinfo&utm_content=original
2026-09-08-china-oil-demand-falls-hormuz-electrification,assets/articles/b913-teg6106bev44-1600.webp,"A battery-electric city bus in Shenzhen, China",Richardcai,CC BY-SA 4.0,https://creativecommons.org/licenses/by-sa/4.0,https://commons.wikimedia.org/wiki/File:%E6%B7%B1%E5%9C%B3%E5%85%AC%E4%BA%A4B913%E8%B7%AF%E2%80%A2TEG6106BEV44.jpg,https://upload.wikimedia.org/wikipedia/commons/2/24/%E6%B7%B1%E5%9C%B3%E5%85%AC%E4%BA%A4B913%E8%B7%AF%E2%80%A2TEG6106BEV44.jpg?utm_source=commons.wikimedia.org&utm_campaign=imageinfo&utm_content=original
2026-09-10-igcep-2027-data-collection,assets/articles/manglah-dam-1600.webp,"The spillways of Mangla Dam on the Jhelum River, Azad Kashmir",Hamidyaar2,CC BY-SA 3.0,https://creativecommons.org/licenses/by-sa/3.0,https://commons.wikimedia.org/wiki/File:MANGLAH_DAM.jpg,https://upload.wikimedia.org/wikipedia/commons/1/19/MANGLAH_DAM.jpg?utm_source=commons.wikimedia.org&utm_campaign=imageinfo&utm_content=original
2026-09-12-brent-steo-middle-east-disruption-prices,assets/articles/5-north-sea-oil-platforms-240918-1600.webp,Oil and gas platforms in the North Sea off Scotland,NAC,CC BY-SA 4.0,https://creativecommons.org/licenses/by-sa/4.0,https://commons.wikimedia.org/wiki/File:5_North_Sea_oil_platforms_240918.jpg,https://upload.wikimedia.org/wikipedia/commons/5/5e/5_North_Sea_oil_platforms_240918.jpg?utm_source=commons.wikimedia.org&utm_campaign=imageinfo&utm_content=original
2026-09-14-germany-first-capacity-auction-oversubscribed,assets/articles/linden-power-plant-elisenstrasse-ihme-river-linden-nord-hann-1600.webp,"The gas-fired Linden power plant on the Ihme river in Hanover, Germany",Christian A. Schröder,CC BY-SA 4.0,https://creativecommons.org/licenses/by-sa/4.0,https://commons.wikimedia.org/wiki/File:Linden_power_plant_Elisenstrasse_Ihme_river_Linden-Nord_Hannover_Germany_02.jpg,https://upload.wikimedia.org/wikipedia/commons/7/71/Linden_power_plant_Elisenstrasse_Ihme_river_Linden-Nord_Hannover_Germany_02.jpg?utm_source=commons.wikimedia.org&utm_campaign=imageinfo&utm_content=original
2026-09-14-steo-record-electricity-sales-data-centres,assets/articles/technician-with-laptop-working-on-server-rack-at-nersc-1600.webp,"A technician working on a server rack at the NERSC computing centre, Berkeley, California",Derrick Coetzee,CC0,http://creativecommons.org/publicdomain/zero/1.0/deed.en,https://commons.wikimedia.org/wiki/File:Technician_with_laptop_working_on_server_rack_at_NERSC.jpg,https://upload.wikimedia.org/wikipedia/commons/2/2a/Technician_with_laptop_working_on_server_rack_at_NERSC.jpg?utm_source=commons.wikimedia.org&utm_campaign=imageinfo&utm_content=original
2026-09-18-disco-stake-sale-management-control,assets/articles/usaid-installs-automatic-meter-reading-amr-for-mepco-s-domes-1600.webp,"Engineers fitting automatic meter reading equipment in the MEPCO service area, Pakistan",USAID Pakistan,Public domain,,https://commons.wikimedia.org/wiki/File:USAID_Installs_Automatic_Meter_Reading_(AMR)_for_MEPCO%27s_Domestic_Consumers_(15788124987).jpg,https://upload.wikimedia.org/wikipedia/commons/5/5e/USAID_Installs_Automatic_Meter_Reading_%28AMR%29_for_MEPCO%27s_Domestic_Consumers_%2815788124987%29.jpg?utm_source=commons.wikimedia.org&utm_campaign=imageinfo&utm_content=original
2026-09-21-revolution-wind-completion-offshore-wind-policy-risk,assets/articles/block-island-offshore-wind-farm-p6290638m-1600.webp,Aerial view of the Block Island offshore wind farm off Rhode Island,Ionna22,CC BY-SA 4.0,https://creativecommons.org/licenses/by-sa/4.0,https://commons.wikimedia.org/wiki/File:Block_Island_offshore_wind_farm_P6290638m.jpg,https://upload.wikimedia.org/wikipedia/commons/7/72/Block_Island_offshore_wind_farm_P6290638m.jpg?utm_source=commons.wikimedia.org&utm_campaign=imageinfo&utm_content=original
2026-09-28-hormuz-partial-reopening-and-export-rebound,assets/articles/a-port-view-of-the-guided-missile-frigate-uss-taylor-ffg-50--1600.webp,A US Navy frigate escorting a tanker in the Persian Gulf,US Department of Defense,Public domain,,https://commons.wikimedia.org/wiki/File:A_port_view_of_the_guided_missile_frigate_USS_TAYLOR_(FFG-50)_as_it_passes_a_tanker_after_going_through_the_Strait_of_Hormuz_during_Operation_Desert_Shield_-_DPLA_-_1fb70620034c5304df096b4526972ace.jpeg,https://upload.wikimedia.org/wikipedia/commons/1/15/A_port_view_of_the_guided_missile_frigate_USS_TAYLOR_%28FFG-50%29_as_it_passes_a_tanker_after_going_through_the_Strait_of_Hormuz_during_Operation_Desert_Shield_-_DPLA_-_1fb70620034c5304df096b4526972ace.jpeg?utm_source=commons.wikimedia.org&utm_campaign=imageinfo&utm_content=original
2026-09-28-palisades-restart-delay-nuclear-restarts,assets/articles/hd-6b-286-11842464603-1600.webp,"Palisades nuclear power station at South Haven, Michigan",US Department of Energy,Public domain,,https://commons.wikimedia.org/wiki/File:HD.6B.286_(11842464603).jpg,https://upload.wikimedia.org/wikipedia/commons/0/06/HD.6B.286_%2811842464603%29.jpg?utm_source=commons.wikimedia.org&utm_campaign=imageinfo&utm_content=original
2026-09-29-ercot-batch-zero-conditional-classifications,assets/articles/cyrusone-enterprise-data-centers-houston-texas-47472549712-1600.webp,"A CyrusOne data centre in Houston, Texas",Tony Webster,CC BY 2.0,https://creativecommons.org/licenses/by/2.0,"https://commons.wikimedia.org/wiki/File:CyrusOne_Enterprise_Data_Centers_-_Houston,_Texas_(47472549712).jpg",https://upload.wikimedia.org/wikipedia/commons/c/c8/CyrusOne_Enterprise_Data_Centers_-_Houston%2C_Texas_%2847472549712%29.jpg?utm_source=commons.wikimedia.org&utm_campaign=imageinfo&utm_content=original
2026-09-29-ercot-soft-lmps-large-load-premium,assets/articles/roscoe-wind-farm-in-west-texas-1600.webp,Wind turbines at the Roscoe Wind Farm in West Texas,Matthew T Rader,CC BY-SA 4.0,https://creativecommons.org/licenses/by-sa/4.0,https://commons.wikimedia.org/wiki/File:Roscoe_Wind_Farm_in_West_Texas.jpg,https://upload.wikimedia.org/wikipedia/commons/d/d4/Roscoe_Wind_Farm_in_West_Texas.jpg?utm_source=commons.wikimedia.org&utm_campaign=imageinfo&utm_content=original
2026-09-30-pjm-backstop-procurement-pause,assets/articles/scrubgrass-power-plant-aerial-20251003-1-1600.webp,Aerial view of the Scrubgrass power plant in western Pennsylvania,Designism,CC0,http://creativecommons.org/publicdomain/zero/1.0/deed.en,https://commons.wikimedia.org/wiki/File:Scrubgrass_Power_Plant_aerial_20251003_(1).jpg,https://upload.wikimedia.org/wikipedia/commons/9/93/Scrubgrass_Power_Plant_aerial_20251003_%281%29.jpg?utm_source=commons.wikimedia.org&utm_campaign=imageinfo&utm_content=original
2026-09-30-pjm-order-1920-cost-allocation-impasse,assets/articles/former-prr-transmission-line-near-rockdale-pa-nov-2025-1600.webp,"A transmission line near Rockdale, Pennsylvania",Mr. Matté,CC BY-SA 4.0,https://creativecommons.org/licenses/by-sa/4.0,"https://commons.wikimedia.org/wiki/File:Former_PRR_transmission_line_near_Rockdale,_PA,_Nov._2025.jpg",https://upload.wikimedia.org/wikipedia/commons/f/f7/Former_PRR_transmission_line_near_Rockdale%2C_PA%2C_Nov._2025.jpg?utm_source=commons.wikimedia.org&utm_campaign=imageinfo&utm_content=original
2026-10-01-henry-hub-storage-gap-gulf-coast-salt,assets/articles/cheniere-sabine-pass-lng-terminal-1600.webp,"Sabine Pass LNG terminal in Cameron Parish, Louisiana",Quintin Soloviev,CC BY 4.0,https://creativecommons.org/licenses/by/4.0,https://commons.wikimedia.org/wiki/File:Cheniere_Sabine_Pass_LNG_Terminal.jpg,https://upload.wikimedia.org/wikipedia/commons/4/42/Cheniere_Sabine_Pass_LNG_Terminal.jpg?utm_source=commons.wikimedia.org&utm_campaign=imageinfo&utm_content=original
2026-10-02-asian-seaborne-coal-gulf-lng-outage,assets/articles/richards-bay-coal-terminal-rbct-1600.webp,"A bulk carrier loading at the Richards Bay Coal Terminal, South Africa",Ossewa,CC BY-SA 4.0,https://creativecommons.org/licenses/by-sa/4.0,https://commons.wikimedia.org/wiki/File:Richards_Bay_Coal_Terminal_(RBCT).jpg,https://upload.wikimedia.org/wikipedia/commons/c/cd/Richards_Bay_Coal_Terminal_%28RBCT%29.jpg?utm_source=commons.wikimedia.org&utm_campaign=imageinfo&utm_content=original
2026-10-03-crude-returns-products-lag-diesel-market,assets/articles/sinclair-refinery-sinclair-wyoming-usa-1-48916529038-1600.webp,"Sinclair oil refinery in Sinclair, Wyoming, United States",James St. John,CC BY 2.0,https://creativecommons.org/licenses/by/2.0,"https://commons.wikimedia.org/wiki/File:Sinclair_Refinery_(Sinclair,_Wyoming,_USA)_1_(48916529038).jpg",https://upload.wikimedia.org/wikipedia/commons/f/f1/Sinclair_Refinery_%28Sinclair%2C_Wyoming%2C_USA%29_1_%2848916529038%29.jpg?utm_source=commons.wikimedia.org&utm_campaign=imageinfo&utm_content=original
